{
  "schemaVersion": 1,
  "id": "fabricord",
  "version": "3.9.8",
  "name": "Fabricord",
  "description": "Modern and simple Discord Bridge Mod for FabricServer.",
  "authors": [
    "Ruxy"
  ],
  "license": "Apache-2.0",
  "icon": "assets/fabricord/icon.png",
  "environment": "server",
  "entrypoints": {
    "server": [
      {
        "value": "net.rk4z.fabricord.Fabricord",
        "adapter": "kotlin"
      }
    ]
  },
  "mixins": [
    "fabricord.mixins.json"
  ],
  "depends": {
    "fabricloader": ">=0.15.6",
    "minecraft": "~1.20.4",
    "java": ">=17",
    "fabric-api": "*",
    "fabric-language-kotlin": ">=1.11.0"
  }
}