{
  "mappings": {
    "net/rk4z/fabricord/mixins/PlayerAdvancementTrackerMixin": {
      "grantCriterion": "Lnet/minecraft/class_2985;method_12878(Lnet/minecraft/class_8779;Ljava/lang/String;)Z"
    },
    "net/rk4z/fabricord/mixins/PlayerManagerMixin": {
      "onPlayerConnect": "Lnet/minecraft/class_3324;method_14570(Lnet/minecraft/class_2535;Lnet/minecraft/class_3222;Lnet/minecraft/class_8792;)V",
      "remove": "Lnet/minecraft/class_3324;method_14611(Lnet/minecraft/class_3222;)V"
    },
    "net/rk4z/fabricord/mixins/ServerPlayNetworkHandlerMixin": {
      "onChatMessage": "Lnet/minecraft/class_3244;method_12048(Lnet/minecraft/class_2797;)V"
    },
    "net/rk4z/fabricord/mixins/ServerPlayerEntityMixin": {
      "onDeath": "Lnet/minecraft/class_3222;method_6078(Lnet/minecraft/class_1282;)V"
    }
  },
  "data": {
    "named:intermediary": {
      "net/rk4z/fabricord/mixins/PlayerAdvancementTrackerMixin": {
        "grantCriterion": "Lnet/minecraft/class_2985;method_12878(Lnet/minecraft/class_8779;Ljava/lang/String;)Z"
      },
      "net/rk4z/fabricord/mixins/PlayerManagerMixin": {
        "onPlayerConnect": "Lnet/minecraft/class_3324;method_14570(Lnet/minecraft/class_2535;Lnet/minecraft/class_3222;Lnet/minecraft/class_8792;)V",
        "remove": "Lnet/minecraft/class_3324;method_14611(Lnet/minecraft/class_3222;)V"
      },
      "net/rk4z/fabricord/mixins/ServerPlayNetworkHandlerMixin": {
        "onChatMessage": "Lnet/minecraft/class_3244;method_12048(Lnet/minecraft/class_2797;)V"
      },
      "net/rk4z/fabricord/mixins/ServerPlayerEntityMixin": {
        "onDeath": "Lnet/minecraft/class_3222;method_6078(Lnet/minecraft/class_1282;)V"
      }
    }
  }
}